<?xml version="1.0" encoding="UTF-8" standalone="yes"?>
<a:clrScheme xmlns:a="http://schemas.openxmlformats.org/drawingml/2006/main" name="Ivy - Mix2 Light"><a:dk1><a:srgbClr val="222222"/></a:dk1><a:lt1><a:sysClr val="window" lastClr="f6f8f8"/></a:lt1><a:dk2><a:srgbClr val="222222"/></a:dk2><a:lt2><a:srgbClr val="E7E6E6"/></a:lt2><a:accent1><a:srgbClr val="557818"/></a:accent1><a:accent2><a:srgbClr val="225E8C"/></a:accent2><a:accent3><a:srgbClr val="DF5419"/></a:accent3><a:accent4><a:srgbClr val="B60919"/></a:accent4><a:accent5><a:srgbClr val="681F52"/></a:accent5><a:accent6><a:srgbClr val="2F2F2F"/></a:accent6><a:hlink><a:srgbClr val="0563C1"/></a:hlink><a:folHlink><a:srgbClr val="954F72"/></a:folHlink></a:clrScheme>