<?xml version="1.0" encoding="UTF-8" standalone="yes"?>
<a:clrScheme xmlns:a="http://schemas.openxmlformats.org/drawingml/2006/main" name="Ivy - Mix1 Light2"><a:dk1><a:srgbClr val="2B2B2B"/></a:dk1><a:lt1><a:srgbClr val="f6f8f8"/></a:lt1><a:dk2><a:srgbClr val="2B2B2B"/></a:dk2><a:lt2><a:srgbClr val="FFFFFF"/></a:lt2><a:accent1><a:srgbClr val="7FB34C"/></a:accent1><a:accent2><a:srgbClr val="3891DE"/></a:accent2><a:accent3><a:srgbClr val="485868"/></a:accent3><a:accent4><a:srgbClr val="F1992D"/></a:accent4><a:accent5><a:srgbClr val="EB223D"/></a:accent5><a:accent6><a:srgbClr val="A1A1A1"/></a:accent6><a:hlink><a:srgbClr val="5B9BD5"/></a:hlink><a:folHlink><a:srgbClr val="70AD47"/></a:folHlink></a:clrScheme>