<?xml version="1.0" encoding="UTF-8" standalone="yes"?>
<a:clrScheme xmlns:a="http://schemas.openxmlformats.org/drawingml/2006/main" name="Ivy - Mix2 Dark2"><a:dk1><a:srgbClr val="FFFFFF"/></a:dk1><a:lt1><a:srgbClr val="19252F"/></a:lt1><a:dk2><a:srgbClr val="FFFFFF"/></a:dk2><a:lt2><a:srgbClr val="19252F"/></a:lt2><a:accent1><a:srgbClr val="557818"/></a:accent1><a:accent2><a:srgbClr val="225E8C"/></a:accent2><a:accent3><a:srgbClr val="DF5419"/></a:accent3><a:accent4><a:srgbClr val="B60919"/></a:accent4><a:accent5><a:srgbClr val="681F52"/></a:accent5><a:accent6><a:srgbClr val="A1A1A1"/></a:accent6><a:hlink><a:srgbClr val="5B9BD5"/></a:hlink><a:folHlink><a:srgbClr val="70AD47"/></a:folHlink></a:clrScheme>