<?xml version="1.0" encoding="UTF-8" standalone="yes"?>
<a:clrScheme xmlns:a="http://schemas.openxmlformats.org/drawingml/2006/main" name="Line teal"><a:dk1><a:srgbClr val="f6f8f8"/></a:dk1><a:lt1><a:srgbClr val="445469"/></a:lt1><a:dk2><a:srgbClr val="FFFFFF"/></a:dk2><a:lt2><a:srgbClr val="445469"/></a:lt2><a:accent1><a:srgbClr val="2099D8"/></a:accent1><a:accent2><a:srgbClr val="239CCE"/></a:accent2><a:accent3><a:srgbClr val="27A6C2"/></a:accent3><a:accent4><a:srgbClr val="25B7AB"/></a:accent4><a:accent5><a:srgbClr val="5BBE77"/></a:accent5><a:accent6><a:srgbClr val="7EC44E"/></a:accent6><a:hlink><a:srgbClr val="5B9BD5"/></a:hlink><a:folHlink><a:srgbClr val="70AD47"/></a:folHlink></a:clrScheme>