<?xml version="1.0" encoding="UTF-8" standalone="yes"?>
<a:clrScheme xmlns:a="http://schemas.openxmlformats.org/drawingml/2006/main" name="Blue Teal"><a:dk1><a:srgbClr val="445469"/></a:dk1><a:lt1><a:srgbClr val="f6f8f8"/></a:lt1><a:dk2><a:srgbClr val="445469"/></a:dk2><a:lt2><a:srgbClr val="FFFFFF"/></a:lt2><a:accent1><a:srgbClr val="51C3CA"/></a:accent1><a:accent2><a:srgbClr val="3CB2C3"/></a:accent2><a:accent3><a:srgbClr val="1AA5BD"/></a:accent3><a:accent4><a:srgbClr val="0097B7"/></a:accent4><a:accent5><a:srgbClr val="0086AC"/></a:accent5><a:accent6><a:srgbClr val="00759E"/></a:accent6><a:hlink><a:srgbClr val="5B9BD5"/></a:hlink><a:folHlink><a:srgbClr val="70AD47"/></a:folHlink></a:clrScheme>