<?xml version="1.0" encoding="UTF-8" standalone="yes"?>
<a:clrScheme xmlns:a="http://schemas.openxmlformats.org/drawingml/2006/main" name="Green Team"><a:dk1><a:srgbClr val="2B2B2B"/></a:dk1><a:lt1><a:srgbClr val="FFFFFF"/></a:lt1><a:dk2><a:srgbClr val="2B2B2B"/></a:dk2><a:lt2><a:srgbClr val="FFFFFF"/></a:lt2><a:accent1><a:srgbClr val="B0C615"/></a:accent1><a:accent2><a:srgbClr val="99B332"/></a:accent2><a:accent3><a:srgbClr val="7AAE3B"/></a:accent3><a:accent4><a:srgbClr val="5CA944"/></a:accent4><a:accent5><a:srgbClr val="31A050"/></a:accent5><a:accent6><a:srgbClr val="06975B"/></a:accent6><a:hlink><a:srgbClr val="5B9BD5"/></a:hlink><a:folHlink><a:srgbClr val="70AD47"/></a:folHlink></a:clrScheme>