<?xml version="1.0" encoding="UTF-8" standalone="yes"?>
<a:clrScheme xmlns:a="http://schemas.openxmlformats.org/drawingml/2006/main" name="Multi Colored Teal"><a:dk1><a:srgbClr val="222222"/></a:dk1><a:lt1><a:sysClr val="window" lastClr="f6f8f8"/></a:lt1><a:dk2><a:srgbClr val="222222"/></a:dk2><a:lt2><a:srgbClr val="E7E6E6"/></a:lt2><a:accent1><a:srgbClr val="556270"/></a:accent1><a:accent2><a:srgbClr val="4ECDC4"/></a:accent2><a:accent3><a:srgbClr val="C7F464"/></a:accent3><a:accent4><a:srgbClr val="CD6B6B"/></a:accent4><a:accent5><a:srgbClr val="C44D58"/></a:accent5><a:accent6><a:srgbClr val="8CCBAC"/></a:accent6><a:hlink><a:srgbClr val="32BEC7"/></a:hlink><a:folHlink><a:srgbClr val="954f90"/></a:folHlink></a:clrScheme>