<?xml version="1.0" encoding="UTF-8" standalone="yes"?>
<a:clrScheme xmlns:a="http://schemas.openxmlformats.org/drawingml/2006/main" name="Multi Colored Teal"><a:dk1><a:srgbClr val="f6f8f8"/></a:dk1><a:lt1><a:sysClr val="window" lastClr="44546A"/></a:lt1><a:dk2><a:srgbClr val="FFFFFF"/></a:dk2><a:lt2><a:srgbClr val="44546A"/></a:lt2><a:accent1><a:srgbClr val="2980B9"/></a:accent1><a:accent2><a:srgbClr val="16A085"/></a:accent2><a:accent3><a:srgbClr val="9BBB59"/></a:accent3><a:accent4><a:srgbClr val="F39C12"/></a:accent4><a:accent5><a:srgbClr val="C0392B"/></a:accent5><a:accent6><a:srgbClr val="2C3F50"/></a:accent6><a:hlink><a:srgbClr val="0563C1"/></a:hlink><a:folHlink><a:srgbClr val="954F72"/></a:folHlink></a:clrScheme>