<?xml version="1.0" encoding="UTF-8" standalone="yes"?>
<a:clrScheme xmlns:a="http://schemas.openxmlformats.org/drawingml/2006/main" name="Red teal"><a:dk1><a:srgbClr val="f6f8f8"/></a:dk1><a:lt1><a:srgbClr val="2B2B2B"/></a:lt1><a:dk2><a:srgbClr val="FFFFFF"/></a:dk2><a:lt2><a:srgbClr val="2B2B2B"/></a:lt2><a:accent1><a:srgbClr val="FF5800"/></a:accent1><a:accent2><a:srgbClr val="FF3C00"/></a:accent2><a:accent3><a:srgbClr val="FB1E00"/></a:accent3><a:accent4><a:srgbClr val="F70000"/></a:accent4><a:accent5><a:srgbClr val="F1001C"/></a:accent5><a:accent6><a:srgbClr val="EA0038"/></a:accent6><a:hlink><a:srgbClr val="5B9BD5"/></a:hlink><a:folHlink><a:srgbClr val="70AD47"/></a:folHlink></a:clrScheme>